<?xml version="1.0" encoding="UTF-8"?><slide>
  <version>1.5</version>
  <streaming>0</streaming>
  <progressiveDownloadBitmask>0</progressiveDownloadBitmask>
  <type>SD02</type>
  <orientation>3</orientation>
  <direction>0</direction>
  <margin>1</margin>
  <totalPage>1</totalPage>
  <toc/>
  <pages>
    <page>
      <no>1</no>
      <filename>11436694_1735030317685.html</filename>
      <epub>
        <filename>11436694_1735030317359.epub</filename>
      </epub>
    </page>
  </pages>
</slide>
